id,nombre,apellido,email
15379,Hernan,Maldonado,hmaldonado@kinetecoinc.com
15419,Carlos,Zambrano,czambrano@kinetecoinc.com
15420,Elena,Domínguez,edomínguez@kinetecoinc.com
51630,Luis Enrique,Vera,lvera@kinetecoinc.com
15421,Luis,Hernández,lhernández@kinetecoinc.com
46556,Teresa,Benítez,tbenítez@kinetecoinc.com
46555,Sonia,Blanco,sblanco@kinetecoinc.com
46559,Ernesto,García,egarcía@kinetecoinc.com
15428,Rodrigo,Torres,rtorres@kinetecoinc.com
15429,Roberto,Molina,rmolina@kinetecoinc.com
47130,Nuria,Flores,nflores@kinetecoinc.com